,low,volume,close,open,high,time,stock,date
0,7.539999961853027,1275300,7.690000057220459,7.650000095367432,7.739999771118164,1654695000,BB,2022-06-08 09:30:00
1,7.349999904632568,1223400,7.349999904632568,7.679999828338623,7.690000057220459,1654781400,BB,2022-06-09 09:30:00
2,7.019999980926514,1518100,7.079999923706055,7.190000057220459,7.320000171661377,1654867800,BB,2022-06-10 09:30:00
3,6.599999904632568,1456700,6.610000133514404,6.789999961853027,6.889999866485596,1655127000,BB,2022-06-13 09:30:00
4,6.539999961853027,1654300,6.679999828338623,6.670000076293945,6.809999942779541,1655213400,BB,2022-06-14 09:30:00
5,6.739999771118164,1807100,7.0,6.789999961853027,7.090000152587891,1655299800,BB,2022-06-15 09:30:00
6,6.46999979019165,1528300,6.559999942779541,6.769999980926514,6.800000190734863,1655386200,BB,2022-06-16 09:30:00
7,6.550000190734863,5704500,6.78000020980835,6.590000152587891,6.900000095367432,1655472600,BB,2022-06-17 09:30:00
8,6.769999980926514,319800,6.860000133514404,6.769999980926514,6.909999847412109,1655731800,BB,2022-06-20 09:30:00
9,6.789999961853027,1296200,6.789999961853027,6.980000019073486,7.03000020980835,1655818200,BB,2022-06-21 09:30:00
10,6.650000095367432,1479500,6.889999866485596,6.699999809265137,7.03000020980835,1655904600,BB,2022-06-22 09:30:00
11,6.71999979019165,1413000,6.989999771118164,6.909999847412109,7.0,1655991000,BB,2022-06-23 09:30:00
12,6.809999942779541,2374700,7.400000095367432,6.809999942779541,7.449999809265137,1656077400,BB,2022-06-24 09:30:00
13,7.28000020980835,1353300,7.46999979019165,7.440000057220459,7.550000190734863,1656336600,BB,2022-06-27 09:30:00
14,7.400000095367432,1428200,7.420000076293945,7.53000020980835,7.710000038146973,1656423000,BB,2022-06-28 09:30:00
15,7.050000190734863,1414900,7.150000095367432,7.400000095367432,7.400000095367432,1656509400,BB,2022-06-29 09:30:00
16,6.789999961853027,1438100,6.940000057220459,7.010000228881836,7.039999961853027,1656595800,BB,2022-06-30 09:30:00
17,6.840000152587891,300500,6.980000019073486,6.949999809265137,6.989999771118164,1656941400,BB,2022-07-04 09:30:00
18,6.849999904632568,1486100,7.360000133514404,6.940000057220459,7.360000133514404,1657027800,BB,2022-07-05 09:30:00
19,7.369999885559082,1574200,7.610000133514404,7.380000114440918,7.679999828338623,1657114200,BB,2022-07-06 09:30:00
20,7.599999904632568,1348000,7.880000114440918,7.610000133514404,7.940000057220459,1657200600,BB,2022-07-07 09:30:00
21,7.639999866485596,1099400,7.690000057220459,7.78000020980835,7.900000095367432,1657287000,BB,2022-07-08 09:30:00
22,7.409999847412109,1185600,7.429999828338623,7.619999885559082,7.739999771118164,1657546200,BB,2022-07-11 09:30:00
23,7.179999828338623,1366300,7.320000171661377,7.46999979019165,7.5,1657632600,BB,2022-07-12 09:30:00
24,7.179999828338623,1463100,7.510000228881836,7.190000057220459,7.519999980926514,1657719000,BB,2022-07-13 09:30:00
25,7.320000171661377,1000800,7.360000133514404,7.46999979019165,7.559999942779541,1657805400,BB,2022-07-14 09:30:00
26,7.25,1766700,7.5,7.460000038146973,7.519999980926514,1657891800,BB,2022-07-15 09:30:00
27,7.440000057220459,1291900,7.460000038146973,7.550000190734863,7.699999809265137,1658151000,BB,2022-07-18 09:30:00
28,7.510000228881836,1243800,7.690000057220459,7.559999942779541,7.75,1658237400,BB,2022-07-19 09:30:00
29,7.679999828338623,1634100,7.929999828338623,7.71999979019165,8.039999961853027,1658323800,BB,2022-07-20 09:30:00
30,7.869999885559082,1075100,8.010000228881836,7.920000076293945,8.039999961853027,1658410200,BB,2022-07-21 09:30:00
31,7.590000152587891,1291000,7.679999828338623,7.989999771118164,8.020000457763672,1658496600,BB,2022-07-22 09:30:00
32,7.429999828338623,784400,7.510000228881836,7.659999847412109,7.659999847412109,1658755800,BB,2022-07-25 09:30:00
33,7.260000228881836,1357900,7.360000133514404,7.429999828338623,7.449999809265137,1658842200,BB,2022-07-26 09:30:00
34,7.449999809265137,1231000,7.639999866485596,7.480000019073486,7.650000095367432,1658928600,BB,2022-07-27 09:30:00
35,7.519999980926514,1386300,7.829999923706055,7.619999885559082,7.849999904632568,1659015000,BB,2022-07-28 09:30:00
36,7.710000038146973,1696400,7.869999885559082,7.820000171661377,7.900000095367432,1659101400,BB,2022-07-29 09:30:00
37,7.739999771118164,1713200,8.130000114440918,7.739999771118164,8.199999809265137,1659447000,BB,2022-08-02 09:30:00
38,8.140000343322754,1197300,8.460000038146973,8.1899995803833,8.470000267028809,1659533400,BB,2022-08-03 09:30:00
39,8.369999885559082,1295000,8.529999732971191,8.470000267028809,8.569999694824219,1659619800,BB,2022-08-04 09:30:00
40,8.369999885559082,1258700,8.720000267028809,8.430000305175781,8.739999771118164,1659706200,BB,2022-08-05 09:30:00
41,8.789999961853027,2366600,8.890000343322754,8.800000190734863,9.199999809265137,1659965400,BB,2022-08-08 09:30:00
42,8.479999542236328,1358200,8.510000228881836,8.800000190734863,8.800000190734863,1660051800,BB,2022-08-09 09:30:00
43,8.699999809265137,1627800,8.84000015258789,8.720000267028809,8.899999618530273,1660138200,BB,2022-08-10 09:30:00
44,8.579999923706055,1507500,8.609999656677246,8.970000267028809,9.039999961853027,1660224600,BB,2022-08-11 09:30:00
45,8.59000015258789,1270400,8.670000076293945,8.6899995803833,8.770000457763672,1660311000,BB,2022-08-12 09:30:00
46,8.630000114440918,1435700,8.859999656677246,8.670000076293945,8.899999618530273,1660570200,BB,2022-08-15 09:30:00
47,8.630000114440918,2894200,9.0,8.819999694824219,9.25,1660656600,BB,2022-08-16 09:30:00
48,8.699999809265137,1429000,8.779999732971191,8.880000114440918,8.979999542236328,1660743000,BB,2022-08-17 09:30:00
49,8.600000381469727,920200,8.720000267028809,8.710000038146973,8.770000457763672,1660829400,BB,2022-08-18 09:30:00
50,8.260000228881836,1295600,8.300000190734863,8.619999885559082,8.649999618530273,1660915800,BB,2022-08-19 09:30:00
51,7.849999904632568,1311500,7.96999979019165,8.100000381469727,8.140000343322754,1661175000,BB,2022-08-22 09:30:00
52,7.900000095367432,908600,7.989999771118164,7.960000038146973,8.069999694824219,1661261400,BB,2022-08-23 09:30:00
53,8.010000228881836,794500,8.130000114440918,8.050000190734863,8.199999809265137,1661347800,BB,2022-08-24 09:30:00
54,8.130000114440918,873600,8.279999732971191,8.1899995803833,8.289999961853027,1661434200,BB,2022-08-25 09:30:00
55,7.929999828338623,1230100,7.940000057220459,8.260000228881836,8.279999732971191,1661520600,BB,2022-08-26 09:30:00
56,7.78000020980835,1583300,7.949999809265137,7.809999942779541,8.069999694824219,1661779800,BB,2022-08-29 09:30:00
57,7.860000133514404,1000600,7.929999828338623,8.0,8.15999984741211,1661866200,BB,2022-08-30 09:30:00
58,7.789999961853027,1265700,7.800000190734863,7.960000038146973,8.0600004196167,1661952600,BB,2022-08-31 09:30:00
59,7.449999809265137,799600,7.579999923706055,7.75,7.75,1662039000,BB,2022-09-01 09:30:00
60,7.46999979019165,856700,7.53000020980835,7.690000057220459,7.690000057220459,1662125400,BB,2022-09-02 09:30:00
61,7.309999942779541,934200,7.329999923706055,7.519999980926514,7.539999961853027,1662471000,BB,2022-09-06 09:30:00
62,7.260000228881836,957800,7.480000019073486,7.340000152587891,7.480000019073486,1662557400,BB,2022-09-07 09:30:00
63,7.340000152587891,874900,7.590000152587891,7.409999847412109,7.639999866485596,1662643800,BB,2022-09-08 09:30:00
64,7.679999828338623,935700,7.860000133514404,7.679999828338623,7.929999828338623,1662730200,BB,2022-09-09 09:30:00
65,7.900000095367432,1032900,8.039999961853027,7.929999828338623,8.0600004196167,1662989400,BB,2022-09-12 09:30:00
66,7.650000095367432,1078900,7.800000190734863,7.730000019073486,7.829999923706055,1663075800,BB,2022-09-13 09:30:00
67,7.699999809265137,1241900,7.849999904632568,7.820000171661377,7.940000057220459,1663162200,BB,2022-09-14 09:30:00
68,7.789999961853027,1026300,7.980000019073486,7.800000190734863,8.029999732971191,1663248600,BB,2022-09-15 09:30:00
69,7.519999980926514,1978000,7.599999904632568,7.880000114440918,7.889999866485596,1663335000,BB,2022-09-16 09:30:00
70,7.400000095367432,953100,7.630000114440918,7.5,7.639999866485596,1663594200,BB,2022-09-19 09:30:00
71,7.420000076293945,597600,7.46999979019165,7.579999923706055,7.590000152587891,1663680600,BB,2022-09-20 09:30:00
72,7.340000152587891,994600,7.349999904632568,7.489999771118164,7.550000190734863,1663767000,BB,2022-09-21 09:30:00
73,7.059999942779541,901200,7.090000152587891,7.329999923706055,7.349999904632568,1663853400,BB,2022-09-22 09:30:00
74,6.800000190734863,1221800,6.889999866485596,6.949999809265137,7.039999961853027,1663939800,BB,2022-09-23 09:30:00
75,6.840000152587891,1030900,6.849999904632568,6.849999904632568,7.110000133514404,1664199000,BB,2022-09-26 09:30:00
76,6.860000133514404,1053200,6.989999771118164,6.96999979019165,7.099999904632568,1664285400,BB,2022-09-27 09:30:00
77,6.590000152587891,1700400,6.849999904632568,6.78000020980835,6.980000019073486,1664371800,BB,2022-09-28 09:30:00
78,6.440000057220459,1883200,6.590000152587891,6.75,6.789999961853027,1664458200,BB,2022-09-29 09:30:00
79,6.5,1382500,6.510000228881836,6.550000190734863,6.699999809265137,1664544600,BB,2022-09-30 09:30:00
80,6.400000095367432,1657300,6.53000020980835,6.519999980926514,6.590000152587891,1664803800,BB,2022-10-03 09:30:00
81,6.690000057220459,2631700,6.739999771118164,6.710000038146973,6.829999923706055,1664890200,BB,2022-10-04 09:30:00
82,6.519999980926514,1690700,6.670000076293945,6.639999866485596,6.71999979019165,1664976600,BB,2022-10-05 09:30:00
83,6.510000228881836,1458900,6.639999866485596,6.670000076293945,6.739999771118164,1665063000,BB,2022-10-06 09:30:00
84,6.260000228881836,2759000,6.289999961853027,6.510000228881836,6.519999980926514,1665149400,BB,2022-10-07 09:30:00
85,5.71999979019165,2704900,5.739999771118164,6.039999961853027,6.079999923706055,1665495000,BB,2022-10-11 09:30:00
86,5.679999828338623,2040700,5.789999961853027,5.71999979019165,5.849999904632568,1665581400,BB,2022-10-12 09:30:00
87,5.519999980926514,2056200,5.760000228881836,5.590000152587891,5.920000076293945,1665667800,BB,2022-10-13 09:30:00
88,5.489999771118164,2459900,5.539999961853027,5.809999942779541,5.840000152587891,1665754200,BB,2022-10-14 09:30:00
89,5.619999885559082,2878800,5.900000095367432,5.670000076293945,6.039999961853027,1666013400,BB,2022-10-17 09:30:00
90,6.010000228881836,1745300,6.03000020980835,6.090000152587891,6.230000019073486,1666099800,BB,2022-10-18 09:30:00
91,5.809999942779541,1668100,5.840000152587891,5.940000057220459,6.010000228881836,1666186200,BB,2022-10-19 09:30:00
92,5.760000228881836,1457100,6.019999980926514,5.809999942779541,6.130000114440918,1666272600,BB,2022-10-20 09:30:00
93,5.889999866485596,3792700,6.0,5.989999771118164,6.059999942779541,1666359000,BB,2022-10-21 09:30:00
94,5.909999847412109,976600,6.050000190734863,6.03000020980835,6.070000171661377,1666618200,BB,2022-10-24 09:30:00
95,6.039999961853027,1171500,6.210000038146973,6.059999942779541,6.289999961853027,1666704600,BB,2022-10-25 09:30:00
96,6.039999961853027,1130100,6.130000114440918,6.110000133514404,6.25,1666791000,BB,2022-10-26 09:30:00
97,6.110000133514404,1040500,6.170000076293945,6.170000076293945,6.25,1666877400,BB,2022-10-27 09:30:00
98,6.110000133514404,1138400,6.320000171661377,6.130000114440918,6.320000171661377,1666963800,BB,2022-10-28 09:30:00
99,6.260000228881836,1561800,6.329999923706055,6.269999980926514,6.429999828338623,1667223000,BB,2022-10-31 09:30:00
100,6.309999942779541,674700,6.360000133514404,6.449999809265137,6.489999771118164,1667309400,BB,2022-11-01 09:30:00
101,6.03000020980835,1534300,6.03000020980835,6.329999923706055,6.329999923706055,1667395800,BB,2022-11-02 09:30:00
102,5.869999885559082,1461500,5.869999885559082,5.949999809265137,6.039999961853027,1667482200,BB,2022-11-03 09:30:00
103,5.679999828338623,1806800,5.929999828338623,5.900000095367432,5.940000057220459,1667568600,BB,2022-11-04 09:30:00
104,5.889999866485596,2105100,6.429999828338623,5.960000038146973,6.460000038146973,1667831400,BB,2022-11-07 09:30:00
105,6.300000190734863,1767800,6.420000076293945,6.420000076293945,6.519999980926514,1667917800,BB,2022-11-08 09:30:00
106,6.159999847412109,1267600,6.28000020980835,6.369999885559082,6.369999885559082,1668004200,BB,2022-11-09 09:30:00
107,6.460000038146973,1447400,6.550000190734863,6.550000190734863,6.710000038146973,1668090600,BB,2022-11-10 09:30:00
108,6.460000038146973,3300200,6.610000133514404,6.579999923706055,6.809999942779541,1668177000,BB,2022-11-11 09:30:00
109,6.329999923706055,1571400,6.340000152587891,6.579999923706055,6.579999923706055,1668436200,BB,2022-11-14 09:30:00
110,6.440000057220459,1899200,6.480000019073486,6.460000038146973,6.659999847412109,1668522600,BB,2022-11-15 09:30:00
111,6.28000020980835,1051300,6.389999866485596,6.380000114440918,6.440000057220459,1668609000,BB,2022-11-16 09:30:00
112,6.170000076293945,1003500,6.289999961853027,6.25,6.329999923706055,1668695400,BB,2022-11-17 09:30:00
113,6.300000190734863,945500,6.340000152587891,6.420000076293945,6.449999809265137,1668781800,BB,2022-11-18 09:30:00
114,6.090000152587891,1095200,6.210000038146973,6.329999923706055,6.349999904632568,1669041000,BB,2022-11-21 09:30:00
115,6.079999923706055,849000,6.210000038146973,6.199999809265137,6.289999961853027,1669127400,BB,2022-11-22 09:30:00
116,6.159999847412109,1455200,6.429999828338623,6.210000038146973,6.53000020980835,1669213800,BB,2022-11-23 09:30:00
117,6.440000057220459,487300,6.5,6.5,6.550000190734863,1669300200,BB,2022-11-24 09:30:00
118,6.380000114440918,844200,6.429999828338623,6.440000057220459,6.519999980926514,1669386600,BB,2022-11-25 09:30:00
119,6.400000095367432,1965400,6.489999771118164,6.449999809265137,6.559999942779541,1669645800,BB,2022-11-28 09:30:00
120,6.369999885559082,1940400,6.550000190734863,6.510000228881836,6.639999866485596,1669732200,BB,2022-11-29 09:30:00
121,6.289999961853027,33206500,6.519999980926514,6.519999980926514,6.590000152587891,1669818600,BB,2022-11-30 09:30:00
122,6.53000020980835,2686500,6.809999942779541,6.53000020980835,6.889999866485596,1669905000,BB,2022-12-01 09:30:00
123,6.670000076293945,2964800,7.0,6.699999809265137,7.110000133514404,1669991400,BB,2022-12-02 09:30:00
124,6.550000190734863,1981100,6.570000171661377,6.960000038146973,6.980000019073486,1670250600,BB,2022-12-05 09:30:00
125,6.239999771118164,1761100,6.25,6.590000152587891,6.599999904632568,1670337000,BB,2022-12-06 09:30:00
126,5.980000019073486,2041000,5.980000019073486,6.230000019073486,6.25,1670423400,BB,2022-12-07 09:30:00
127,5.929999828338623,1133123,5.985000133514404,6.019999980926514,6.179999828338623,1670531410,BB,2022-12-08 15:30:10
0,38.66999816894531,368100,39.36000061035156,38.83000183105469,39.45000076293945,1654695000,PKI,2022-06-08 09:30:00
1,38.83000183105469,268000,39.0,39.15999984741211,39.2599983215332,1654781400,PKI,2022-06-09 09:30:00
2,38.18000030517578,467900,38.58000183105469,38.7599983215332,38.849998474121094,1654867800,PKI,2022-06-10 09:30:00
3,36.029998779296875,621300,36.18000030517578,38.150001525878906,38.16999816894531,1655127000,PKI,2022-06-13 09:30:00
4,35.91999816894531,474100,37.220001220703125,36.36000061035156,37.29999923706055,1655213400,PKI,2022-06-14 09:30:00
5,36.75,353300,37.25,37.349998474121094,37.52000045776367,1655299800,PKI,2022-06-15 09:30:00
6,34.84000015258789,554100,35.0099983215332,36.40999984741211,36.63999938964844,1655386200,PKI,2022-06-16 09:30:00
7,33.560001373291016,757200,33.790000915527344,34.88999938964844,35.119998931884766,1655472600,PKI,2022-06-17 09:30:00
8,33.779998779296875,178200,34.58000183105469,33.790000915527344,34.61000061035156,1655731800,PKI,2022-06-20 09:30:00
9,33.97999954223633,447800,34.08000183105469,34.56999969482422,34.959999084472656,1655818200,PKI,2022-06-21 09:30:00
10,32.959999084472656,268300,33.18000030517578,33.0099983215332,33.869998931884766,1655904600,PKI,2022-06-22 09:30:00
11,31.399999618530273,587800,32.22999954223633,33.099998474121094,33.29999923706055,1655991000,PKI,2022-06-23 09:30:00
12,32.22999954223633,430700,33.11000061035156,32.5,33.400001525878906,1656077400,PKI,2022-06-24 09:30:00
13,33.380001068115234,300200,34.33000183105469,33.5099983215332,34.66999816894531,1656336600,PKI,2022-06-27 09:30:00
14,34.45000076293945,351800,34.77000045776367,34.900001525878906,35.220001220703125,1656423000,PKI,2022-06-28 09:30:00
15,34.279998779296875,362100,34.31999969482422,35.0,35.2599983215332,1656509400,PKI,2022-06-29 09:30:00
16,33.709999084472656,336400,34.959999084472656,33.84000015258789,34.970001220703125,1656595800,PKI,2022-06-30 09:30:00
17,34.630001068115234,277600,35.29999923706055,34.91999816894531,35.7599983215332,1656941400,PKI,2022-07-04 09:30:00
18,33.56999969482422,868400,34.31999969482422,34.470001220703125,34.599998474121094,1657027800,PKI,2022-07-05 09:30:00
19,33.099998474121094,413200,34.02000045776367,34.099998474121094,34.5,1657114200,PKI,2022-07-06 09:30:00
20,34.400001525878906,255500,35.31999969482422,34.70000076293945,35.599998474121094,1657200600,PKI,2022-07-07 09:30:00
21,35.220001220703125,169800,35.2599983215332,35.459999084472656,35.810001373291016,1657287000,PKI,2022-07-08 09:30:00
22,34.40999984741211,333700,34.75,35.0,35.099998474121094,1657546200,PKI,2022-07-11 09:30:00
23,33.900001525878906,183400,34.36000061035156,34.31999969482422,34.709999084472656,1657632600,PKI,2022-07-12 09:30:00
24,32.310001373291016,451500,32.72999954223633,33.77000045776367,33.849998474121094,1657719000,PKI,2022-07-13 09:30:00
25,31.329999923706055,389500,32.34000015258789,32.279998779296875,32.650001525878906,1657805400,PKI,2022-07-14 09:30:00
26,32.22999954223633,192400,32.790000915527344,32.7599983215332,32.959999084472656,1657891800,PKI,2022-07-15 09:30:00
27,33.31999969482422,205300,33.7599983215332,33.34000015258789,33.970001220703125,1658151000,PKI,2022-07-18 09:30:00
28,33.869998931884766,252300,34.7599983215332,33.869998931884766,34.83000183105469,1658237400,PKI,2022-07-19 09:30:00
29,34.4900016784668,273700,34.88999938964844,34.7599983215332,35.18000030517578,1658323800,PKI,2022-07-20 09:30:00
30,34.16999816894531,293800,34.88999938964844,34.54999923706055,34.959999084472656,1658410200,PKI,2022-07-21 09:30:00
31,34.7599983215332,257500,34.88999938964844,35.029998779296875,35.43000030517578,1658496600,PKI,2022-07-22 09:30:00
32,34.939998626708984,156500,35.54999923706055,35.02000045776367,35.650001525878906,1658755800,PKI,2022-07-25 09:30:00
33,34.22999954223633,411100,34.4900016784668,35.459999084472656,35.720001220703125,1658842200,PKI,2022-07-26 09:30:00
34,34.77000045776367,453300,34.90999984741211,34.779998779296875,35.33000183105469,1658928600,PKI,2022-07-27 09:30:00
35,34.560001373291016,180100,35.41999816894531,35.150001525878906,35.5,1659015000,PKI,2022-07-28 09:30:00
36,35.65999984741211,330500,35.93000030517578,35.66999816894531,36.459999084472656,1659101400,PKI,2022-07-29 09:30:00
37,35.2400016784668,267300,36.040000915527344,35.439998626708984,36.43000030517578,1659447000,PKI,2022-08-02 09:30:00
38,35.5,213000,35.88999938964844,36.15999984741211,36.31999969482422,1659533400,PKI,2022-08-03 09:30:00
39,34.16999816894531,294100,34.58000183105469,35.5099983215332,36.099998474121094,1659619800,PKI,2022-08-04 09:30:00
40,32.400001525878906,730900,33.650001525878906,35.189998626708984,35.189998626708984,1659706200,PKI,2022-08-05 09:30:00
41,33.25,297000,33.72999954223633,33.66999816894531,33.97999954223633,1659965400,PKI,2022-08-08 09:30:00
42,33.2599983215332,288700,33.7400016784668,33.65999984741211,33.900001525878906,1660051800,PKI,2022-08-09 09:30:00
43,33.36000061035156,667700,33.619998931884766,33.880001068115234,34.2599983215332,1660138200,PKI,2022-08-10 09:30:00
44,33.630001068115234,303900,33.880001068115234,33.880001068115234,34.31999969482422,1660224600,PKI,2022-08-11 09:30:00
45,33.599998474121094,344000,33.7400016784668,33.880001068115234,34.0099983215332,1660311000,PKI,2022-08-12 09:30:00
46,33.33000183105469,314700,33.81999969482422,33.36000061035156,33.880001068115234,1660570200,PKI,2022-08-15 09:30:00
47,33.79999923706055,315400,34.5,33.810001373291016,34.619998931884766,1660656600,PKI,2022-08-16 09:30:00
48,33.779998779296875,266100,33.790000915527344,34.38999938964844,34.5,1660743000,PKI,2022-08-17 09:30:00
49,33.72999954223633,201400,33.86000061035156,33.970001220703125,34.220001220703125,1660829400,PKI,2022-08-18 09:30:00
50,33.599998474121094,146200,34.130001068115234,33.70000076293945,34.310001373291016,1660915800,PKI,2022-08-19 09:30:00
51,33.70000076293945,230700,34.09000015258789,33.810001373291016,34.22999954223633,1661175000,PKI,2022-08-22 09:30:00
52,33.709999084472656,174400,33.959999084472656,34.27000045776367,34.27000045776367,1661261400,PKI,2022-08-23 09:30:00
53,33.900001525878906,146600,34.099998474121094,33.959999084472656,34.209999084472656,1661347800,PKI,2022-08-24 09:30:00
54,33.650001525878906,237200,33.720001220703125,34.25,34.400001525878906,1661434200,PKI,2022-08-25 09:30:00
55,32.689998626708984,424400,32.81999969482422,33.70000076293945,33.70000076293945,1661520600,PKI,2022-08-26 09:30:00
56,32.63999938964844,353900,33.65999984741211,32.650001525878906,33.90999984741211,1661779800,PKI,2022-08-29 09:30:00
57,32.61000061035156,197100,32.779998779296875,33.38999938964844,33.619998931884766,1661866200,PKI,2022-08-30 09:30:00
58,32.16999816894531,865800,32.2400016784668,32.5,33.02000045776367,1661952600,PKI,2022-08-31 09:30:00
59,31.329999923706055,367100,31.690000534057617,32.02000045776367,32.150001525878906,1662039000,PKI,2022-09-01 09:30:00
60,31.760000228881836,207800,32.029998779296875,32.0,32.72999954223633,1662125400,PKI,2022-09-02 09:30:00
61,31.510000228881836,142300,31.530000686645508,32.11000061035156,32.52000045776367,1662471000,PKI,2022-09-06 09:30:00
62,30.6299991607666,324800,31.229999542236328,31.329999923706055,31.329999923706055,1662557400,PKI,2022-09-07 09:30:00
63,31.1299991607666,322300,32.029998779296875,31.15999984741211,32.189998626708984,1662643800,PKI,2022-09-08 09:30:00
64,31.75,259000,32.11000061035156,32.34000015258789,32.45000076293945,1662730200,PKI,2022-09-09 09:30:00
65,32.33000183105469,481000,32.66999816894531,32.43000030517578,32.9900016784668,1662989400,PKI,2022-09-12 09:30:00
66,31.920000076293945,324000,32.029998779296875,32.36000061035156,32.599998474121094,1663075800,PKI,2022-09-13 09:30:00
67,32.04999923706055,467500,32.189998626708984,32.11000061035156,32.7400016784668,1663162200,PKI,2022-09-14 09:30:00
68,31.350000381469727,215300,31.479999542236328,31.889999389648438,32.380001068115234,1663248600,PKI,2022-09-15 09:30:00
69,31.06999969482422,511000,31.329999923706055,31.450000762939453,31.450000762939453,1663335000,PKI,2022-09-16 09:30:00
70,30.920000076293945,275900,31.770000457763672,31.0,31.899999618530273,1663594200,PKI,2022-09-19 09:30:00
71,31.43000030517578,260600,31.510000228881836,31.649999618530273,31.75,1663680600,PKI,2022-09-20 09:30:00
72,30.899999618530273,220000,30.899999618530273,31.489999771118164,31.579999923706055,1663767000,PKI,2022-09-21 09:30:00
73,30.479999542236328,179400,30.610000610351562,31.100000381469727,31.200000762939453,1663853400,PKI,2022-09-22 09:30:00
74,29.600000381469727,258700,29.899999618530273,30.06999969482422,30.43000030517578,1663939800,PKI,2022-09-23 09:30:00
75,28.709999084472656,303700,28.809999465942383,29.75,29.8700008392334,1664199000,PKI,2022-09-26 09:30:00
76,28.93000030517578,428600,29.030000686645508,28.959999084472656,29.610000610351562,1664285400,PKI,2022-09-27 09:30:00
77,29.049999237060547,408400,30.030000686645508,29.049999237060547,30.329999923706055,1664371800,PKI,2022-09-28 09:30:00
78,28.719999313354492,374100,29.25,29.8799991607666,29.8799991607666,1664458200,PKI,2022-09-29 09:30:00
79,28.969999313354492,354500,29.600000381469727,29.260000228881836,29.81999969482422,1664544600,PKI,2022-09-30 09:30:00
80,29.860000610351562,205900,29.969999313354492,29.979999542236328,30.25,1664803800,PKI,2022-10-03 09:30:00
81,30.360000610351562,480200,31.1200008392334,30.399999618530273,31.559999465942383,1664890200,PKI,2022-10-04 09:30:00
82,30.239999771118164,334800,30.799999237060547,31.0,31.1200008392334,1664976600,PKI,2022-10-05 09:30:00
83,29.950000762939453,296700,30.309999465942383,30.639999389648438,30.690000534057617,1665063000,PKI,2022-10-06 09:30:00
84,29.729999542236328,336100,29.8700008392334,30.18000030517578,30.780000686645508,1665149400,PKI,2022-10-07 09:30:00
85,28.75,525800,29.239999771118164,29.3799991607666,29.719999313354492,1665495000,PKI,2022-10-11 09:30:00
86,28.15999984741211,357600,28.790000915527344,29.190000534057617,29.200000762939453,1665581400,PKI,2022-10-12 09:30:00
87,28.100000381469727,427800,29.059999465942383,28.579999923706055,29.299999237060547,1665667800,PKI,2022-10-13 09:30:00
88,28.329999923706055,351500,28.329999923706055,29.110000610351562,29.299999237060547,1665754200,PKI,2022-10-14 09:30:00
89,28.6299991607666,570500,29.260000228881836,28.780000686645508,29.780000686645508,1666013400,PKI,2022-10-17 09:30:00
90,29.389999389648438,273000,29.559999465942383,29.479999542236328,29.979999542236328,1666099800,PKI,2022-10-18 09:30:00
91,25.649999618530273,1989800,27.450000762939453,27.0,27.459999084472656,1666186200,PKI,2022-10-19 09:30:00
92,26.6200008392334,1229700,27.0,27.0,27.360000610351562,1666272600,PKI,2022-10-20 09:30:00
93,26.729999542236328,585800,27.639999389648438,26.729999542236328,27.690000534057617,1666359000,PKI,2022-10-21 09:30:00
94,27.059999465942383,707000,27.559999465942383,27.420000076293945,27.75,1666618200,PKI,2022-10-24 09:30:00
95,26.520000457763672,1349100,27.0,27.56999969482422,27.56999969482422,1666704600,PKI,2022-10-25 09:30:00
96,26.950000762939453,636200,27.40999984741211,26.950000762939453,27.420000076293945,1666791000,PKI,2022-10-26 09:30:00
97,27.540000915527344,599400,27.610000610351562,27.540000915527344,28.049999237060547,1666877400,PKI,2022-10-27 09:30:00
98,27.520000457763672,508500,28.420000076293945,27.690000534057617,28.440000534057617,1666963800,PKI,2022-10-28 09:30:00
99,27.329999923706055,557600,27.540000915527344,28.100000381469727,28.18000030517578,1667223000,PKI,2022-10-31 09:30:00
100,27.649999618530273,498100,28.0,27.850000381469727,28.010000228881836,1667309400,PKI,2022-11-01 09:30:00
101,27.450000762939453,721700,27.489999771118164,28.139999389648438,28.139999389648438,1667395800,PKI,2022-11-02 09:30:00
102,25.81999969482422,929800,26.06999969482422,27.030000686645508,27.100000381469727,1667482200,PKI,2022-11-03 09:30:00
103,25.239999771118164,1556400,25.889999389648438,26.31999969482422,26.559999465942383,1667568600,PKI,2022-11-04 09:30:00
104,25.110000610351562,877500,25.3799991607666,25.90999984741211,26.040000915527344,1667831400,PKI,2022-11-07 09:30:00
105,24.920000076293945,1263900,25.139999389648438,25.399999618530273,25.8799991607666,1667917800,PKI,2022-11-08 09:30:00
106,24.25,915200,24.75,25.190000534057617,25.219999313354492,1668004200,PKI,2022-11-09 09:30:00
107,24.709999084472656,641900,25.100000381469727,25.1200008392334,25.3799991607666,1668090600,PKI,2022-11-10 09:30:00
108,25.25,692800,25.959999084472656,25.25,26.360000610351562,1668177000,PKI,2022-11-11 09:30:00
109,25.350000381469727,1091400,25.420000076293945,26.0,26.15999984741211,1668436200,PKI,2022-11-14 09:30:00
110,25.600000381469727,775200,25.760000228881836,25.65999984741211,26.260000228881836,1668522600,PKI,2022-11-15 09:30:00
111,25.389999389648438,658100,25.700000762939453,25.579999923706055,26.0,1668609000,PKI,2022-11-16 09:30:00
112,25.059999465942383,550400,25.440000534057617,25.469999313354492,25.520000457763672,1668695400,PKI,2022-11-17 09:30:00
113,25.049999237060547,367500,25.81999969482422,25.209999084472656,25.860000610351562,1668781800,PKI,2022-11-18 09:30:00
114,25.139999389648438,898500,25.549999237060547,25.559999465942383,25.6299991607666,1669041000,PKI,2022-11-21 09:30:00
115,25.639999389648438,847800,26.329999923706055,25.639999389648438,26.450000762939453,1669127400,PKI,2022-11-22 09:30:00
116,26.049999237060547,820500,26.719999313354492,26.31999969482422,26.719999313354492,1669213800,PKI,2022-11-23 09:30:00
117,26.549999237060547,155500,26.75,26.739999771118164,26.829999923706055,1669300200,PKI,2022-11-24 09:30:00
118,26.790000915527344,573600,27.280000686645508,26.829999923706055,27.309999465942383,1669386600,PKI,2022-11-25 09:30:00
119,27.010000228881836,1110900,27.1299991607666,27.200000762939453,27.559999465942383,1669645800,PKI,2022-11-28 09:30:00
120,27.389999389648438,1363400,28.0,27.469999313354492,28.25,1669732200,PKI,2022-11-29 09:30:00
121,27.649999618530273,2275500,28.65999984741211,27.959999084472656,28.729999542236328,1669818600,PKI,2022-11-30 09:30:00
122,28.3700008392334,831800,28.510000228881836,28.670000076293945,29.18000030517578,1669905000,PKI,2022-12-01 09:30:00
123,28.5,583200,28.940000534057617,28.5,29.15999984741211,1669991400,PKI,2022-12-02 09:30:00
124,28.420000076293945,551900,28.479999542236328,29.110000610351562,29.190000534057617,1670250600,PKI,2022-12-05 09:30:00
125,28.079999923706055,764200,28.270000457763672,28.6299991607666,28.959999084472656,1670337000,PKI,2022-12-06 09:30:00
126,27.690000534057617,583900,27.700000762939453,28.34000015258789,28.549999237060547,1670423400,PKI,2022-12-07 09:30:00
127,28.020000457763672,878453,29.420000076293945,28.059999465942383,29.75,1670531463,PKI,2022-12-08 15:31:03
0,1.6399999856948853,4316100,1.6399999856948853,1.75,1.75,1654695000,DML,2022-06-08 09:30:00
1,1.5700000524520874,2168000,1.5800000429153442,1.6299999952316284,1.6399999856948853,1654781400,DML,2022-06-09 09:30:00
2,1.5,2114400,1.5399999618530273,1.5499999523162842,1.559999942779541,1654867800,DML,2022-06-10 09:30:00
3,1.399999976158142,2980900,1.399999976158142,1.4500000476837158,1.4700000286102295,1655127000,DML,2022-06-13 09:30:00
4,1.309999942779541,2608900,1.3200000524520874,1.4199999570846558,1.440000057220459,1655213400,DML,2022-06-14 09:30:00
5,1.3200000524520874,3271900,1.3700000047683716,1.340000033378601,1.3899999856948853,1655299800,DML,2022-06-15 09:30:00
6,1.2599999904632568,2013500,1.2899999618530273,1.3200000524520874,1.3300000429153442,1655386200,DML,2022-06-16 09:30:00
7,1.2799999713897705,2581900,1.3300000429153442,1.2899999618530273,1.340000033378601,1655472600,DML,2022-06-17 09:30:00
8,1.2899999618530273,821300,1.309999942779541,1.3300000429153442,1.3300000429153442,1655731800,DML,2022-06-20 09:30:00
9,1.3300000429153442,1906600,1.3700000047683716,1.3300000429153442,1.399999976158142,1655818200,DML,2022-06-21 09:30:00
10,1.2899999618530273,1954500,1.2999999523162842,1.3300000429153442,1.340000033378601,1655904600,DML,2022-06-22 09:30:00
11,1.2599999904632568,2000600,1.2799999713897705,1.3300000429153442,1.3300000429153442,1655991000,DML,2022-06-23 09:30:00
12,1.2999999523162842,2298900,1.3899999856948853,1.2999999523162842,1.409999966621399,1656077400,DML,2022-06-24 09:30:00
13,1.3899999856948853,1101100,1.4199999570846558,1.4199999570846558,1.4700000286102295,1656336600,DML,2022-06-27 09:30:00
14,1.340000033378601,1313100,1.3700000047683716,1.4299999475479126,1.440000057220459,1656423000,DML,2022-06-28 09:30:00
15,1.2599999904632568,1816400,1.2699999809265137,1.350000023841858,1.3600000143051147,1656509400,DML,2022-06-29 09:30:00
16,1.2200000286102295,2181200,1.2699999809265137,1.25,1.2799999713897705,1656595800,DML,2022-06-30 09:30:00
17,1.2699999809265137,764000,1.309999942779541,1.2999999523162842,1.3300000429153442,1656941400,DML,2022-07-04 09:30:00
18,1.2300000190734863,1507900,1.2400000095367432,1.2899999618530273,1.2999999523162842,1657027800,DML,2022-07-05 09:30:00
19,1.190000057220459,1901000,1.2300000190734863,1.2599999904632568,1.2899999618530273,1657114200,DML,2022-07-06 09:30:00
20,1.2400000095367432,2118600,1.350000023841858,1.2400000095367432,1.350000023841858,1657200600,DML,2022-07-07 09:30:00
21,1.3200000524520874,769600,1.350000023841858,1.340000033378601,1.3700000047683716,1657287000,DML,2022-07-08 09:30:00
22,1.2899999618530273,975600,1.2999999523162842,1.340000033378601,1.340000033378601,1657546200,DML,2022-07-11 09:30:00
23,1.2599999904632568,765400,1.2599999904632568,1.2799999713897705,1.309999942779541,1657632600,DML,2022-07-12 09:30:00
24,1.2400000095367432,829400,1.2699999809265137,1.2400000095367432,1.2899999618530273,1657719000,DML,2022-07-13 09:30:00
25,1.2400000095367432,2224800,1.3700000047683716,1.25,1.3799999952316284,1657805400,DML,2022-07-14 09:30:00
26,1.3300000429153442,1463100,1.3600000143051147,1.3799999952316284,1.3799999952316284,1657891800,DML,2022-07-15 09:30:00
27,1.3799999952316284,1720100,1.3799999952316284,1.3799999952316284,1.4500000476837158,1658151000,DML,2022-07-18 09:30:00
28,1.409999966621399,1647600,1.4800000190734863,1.409999966621399,1.5099999904632568,1658237400,DML,2022-07-19 09:30:00
29,1.4600000381469727,1534800,1.5299999713897705,1.4900000095367432,1.5399999618530273,1658323800,DML,2022-07-20 09:30:00
30,1.440000057220459,1450900,1.4600000381469727,1.5,1.5199999809265137,1658410200,DML,2022-07-21 09:30:00
31,1.350000023841858,1793300,1.3600000143051147,1.4500000476837158,1.4800000190734863,1658496600,DML,2022-07-22 09:30:00
32,1.340000033378601,1288500,1.4299999475479126,1.3799999952316284,1.4500000476837158,1658755800,DML,2022-07-25 09:30:00
33,1.4199999570846558,1224400,1.440000057220459,1.440000057220459,1.4700000286102295,1658842200,DML,2022-07-26 09:30:00
34,1.4600000381469727,2161600,1.5499999523162842,1.4600000381469727,1.5499999523162842,1658928600,DML,2022-07-27 09:30:00
35,1.5099999904632568,1711900,1.5800000429153442,1.5700000524520874,1.5800000429153442,1659015000,DML,2022-07-28 09:30:00
36,1.4900000095367432,2942700,1.5299999713897705,1.5499999523162842,1.559999942779541,1659101400,DML,2022-07-29 09:30:00
37,1.4800000190734863,1404300,1.5399999618530273,1.5,1.5499999523162842,1659447000,DML,2022-08-02 09:30:00
38,1.5099999904632568,1033300,1.5299999713897705,1.559999942779541,1.5700000524520874,1659533400,DML,2022-08-03 09:30:00
39,1.4600000381469727,1233900,1.4900000095367432,1.5,1.5399999618530273,1659619800,DML,2022-08-04 09:30:00
40,1.4800000190734863,1644800,1.5,1.5,1.5399999618530273,1659706200,DML,2022-08-05 09:30:00
41,1.5199999809265137,2246000,1.600000023841858,1.5299999713897705,1.6399999856948853,1659965400,DML,2022-08-08 09:30:00
42,1.5,1356700,1.5199999809265137,1.590000033378601,1.590000033378601,1660051800,DML,2022-08-09 09:30:00
43,1.5,1810300,1.5199999809265137,1.5499999523162842,1.5499999523162842,1660138200,DML,2022-08-10 09:30:00
44,1.5199999809265137,1359600,1.5499999523162842,1.5299999713897705,1.590000033378601,1660224600,DML,2022-08-11 09:30:00
45,1.5099999904632568,1012000,1.5399999618530273,1.5800000429153442,1.5800000429153442,1660311000,DML,2022-08-12 09:30:00
46,1.4900000095367432,852100,1.5099999904632568,1.5099999904632568,1.5299999713897705,1660570200,DML,2022-08-15 09:30:00
47,1.4700000286102295,855700,1.4900000095367432,1.4900000095367432,1.5199999809265137,1660656600,DML,2022-08-16 09:30:00
48,1.3799999952316284,1170600,1.3799999952316284,1.4600000381469727,1.4800000190734863,1660743000,DML,2022-08-17 09:30:00
49,1.3700000047683716,819500,1.4299999475479126,1.4199999570846558,1.440000057220459,1660829400,DML,2022-08-18 09:30:00
50,1.3300000429153442,1096300,1.340000033378601,1.399999976158142,1.399999976158142,1660915800,DML,2022-08-19 09:30:00
51,1.2999999523162842,1417900,1.3600000143051147,1.309999942779541,1.3700000047683716,1661175000,DML,2022-08-22 09:30:00
52,1.3600000143051147,1274100,1.4199999570846558,1.3799999952316284,1.4500000476837158,1661261400,DML,2022-08-23 09:30:00
53,1.5,4866000,1.6699999570846558,1.5,1.6799999475479126,1661347800,DML,2022-08-24 09:30:00
54,1.590000033378601,4591200,1.649999976158142,1.6799999475479126,1.7100000381469727,1661434200,DML,2022-08-25 09:30:00
55,1.5499999523162842,3517400,1.5700000524520874,1.6299999952316284,1.6399999856948853,1661520600,DML,2022-08-26 09:30:00
56,1.5199999809265137,5732100,1.7599999904632568,1.5299999713897705,1.840000033378601,1661779800,DML,2022-08-29 09:30:00
57,1.7100000381469727,3938700,1.8200000524520874,1.8600000143051147,1.8700000047683716,1661866200,DML,2022-08-30 09:30:00
58,1.7599999904632568,3775500,1.8600000143051147,1.7999999523162842,1.8799999952316284,1661952600,DML,2022-08-31 09:30:00
59,1.690000057220459,3055900,1.7200000286102295,1.840000033378601,1.840000033378601,1662039000,DML,2022-09-01 09:30:00
60,1.7000000476837158,1861100,1.75,1.75,1.7599999904632568,1662125400,DML,2022-09-02 09:30:00
61,1.7599999904632568,2801900,1.7699999809265137,1.7799999713897705,1.8200000524520874,1662471000,DML,2022-09-06 09:30:00
62,1.7000000476837158,1353100,1.7699999809265137,1.7599999904632568,1.7699999809265137,1662557400,DML,2022-09-07 09:30:00
63,1.7599999904632568,2956000,1.899999976158142,1.7599999904632568,1.899999976158142,1662643800,DML,2022-09-08 09:30:00
64,1.850000023841858,2405600,1.899999976158142,1.899999976158142,1.9800000190734863,1662730200,DML,2022-09-09 09:30:00
65,1.8300000429153442,1433500,1.8600000143051147,1.940000057220459,1.940000057220459,1662989400,DML,2022-09-12 09:30:00
66,1.7599999904632568,1864100,1.8200000524520874,1.7999999523162842,1.8799999952316284,1663075800,DML,2022-09-13 09:30:00
67,1.7999999523162842,2184000,1.850000023841858,1.7999999523162842,1.8799999952316284,1663162200,DML,2022-09-14 09:30:00
68,1.7200000286102295,2059400,1.7300000190734863,1.8200000524520874,1.840000033378601,1663248600,DML,2022-09-15 09:30:00
69,1.649999976158142,3232400,1.6699999570846558,1.690000057220459,1.7100000381469727,1663335000,DML,2022-09-16 09:30:00
70,1.6200000047683716,1747600,1.6799999475479126,1.6200000047683716,1.7100000381469727,1663594200,DML,2022-09-19 09:30:00
71,1.6399999856948853,1838100,1.6799999475479126,1.690000057220459,1.7100000381469727,1663680600,DML,2022-09-20 09:30:00
72,1.590000033378601,1616900,1.6299999952316284,1.6799999475479126,1.6799999475479126,1663767000,DML,2022-09-21 09:30:00
73,1.559999942779541,1952200,1.5800000429153442,1.6399999856948853,1.659999966621399,1663853400,DML,2022-09-22 09:30:00
74,1.440000057220459,1715700,1.4500000476837158,1.5399999618530273,1.5399999618530273,1663939800,DML,2022-09-23 09:30:00
75,1.440000057220459,944500,1.4700000286102295,1.440000057220459,1.5099999904632568,1664199000,DML,2022-09-26 09:30:00
76,1.4900000095367432,1503600,1.5499999523162842,1.5099999904632568,1.5700000524520874,1664285400,DML,2022-09-27 09:30:00
77,1.5199999809265137,1678600,1.6200000047683716,1.559999942779541,1.6399999856948853,1664371800,DML,2022-09-28 09:30:00
78,1.5499999523162842,955400,1.5700000524520874,1.6200000047683716,1.6299999952316284,1664458200,DML,2022-09-29 09:30:00
79,1.5399999618530273,1872400,1.6100000143051147,1.5499999523162842,1.6299999952316284,1664544600,DML,2022-09-30 09:30:00
80,1.6200000047683716,1178900,1.649999976158142,1.6299999952316284,1.6799999475479126,1664803800,DML,2022-10-03 09:30:00
81,1.659999966621399,1763100,1.7300000190734863,1.6799999475479126,1.7300000190734863,1664890200,DML,2022-10-04 09:30:00
82,1.6699999570846558,840500,1.7200000286102295,1.690000057220459,1.7300000190734863,1664976600,DML,2022-10-05 09:30:00
83,1.6799999475479126,880800,1.7000000476837158,1.7000000476837158,1.7599999904632568,1665063000,DML,2022-10-06 09:30:00
84,1.6299999952316284,781000,1.649999976158142,1.6799999475479126,1.7000000476837158,1665149400,DML,2022-10-07 09:30:00
85,1.5199999809265137,2048500,1.5499999523162842,1.600000023841858,1.600000023841858,1665495000,DML,2022-10-11 09:30:00
86,1.4800000190734863,2179600,1.590000033378601,1.559999942779541,1.6200000047683716,1665581400,DML,2022-10-12 09:30:00
87,1.5299999713897705,1677000,1.6100000143051147,1.5499999523162842,1.6200000047683716,1665667800,DML,2022-10-13 09:30:00
88,1.5099999904632568,1440300,1.5199999809265137,1.6200000047683716,1.6299999952316284,1665754200,DML,2022-10-14 09:30:00
89,1.5499999523162842,2403900,1.6799999475479126,1.5499999523162842,1.690000057220459,1666013400,DML,2022-10-17 09:30:00
90,1.649999976158142,1520000,1.659999966621399,1.7100000381469727,1.7400000095367432,1666099800,DML,2022-10-18 09:30:00
91,1.6200000047683716,793500,1.6299999952316284,1.649999976158142,1.659999966621399,1666186200,DML,2022-10-19 09:30:00
92,1.6100000143051147,1129400,1.6299999952316284,1.659999966621399,1.7000000476837158,1666272600,DML,2022-10-20 09:30:00
93,1.600000023841858,1129800,1.6699999570846558,1.6100000143051147,1.690000057220459,1666359000,DML,2022-10-21 09:30:00
94,1.600000023841858,1941400,1.6200000047683716,1.649999976158142,1.6799999475479126,1666618200,DML,2022-10-24 09:30:00
95,1.6100000143051147,1979600,1.6799999475479126,1.6100000143051147,1.690000057220459,1666704600,DML,2022-10-25 09:30:00
96,1.6799999475479126,3800400,1.7699999809265137,1.6799999475479126,1.7699999809265137,1666791000,DML,2022-10-26 09:30:00
97,1.7100000381469727,1594400,1.7100000381469727,1.7899999618530273,1.809999942779541,1666877400,DML,2022-10-27 09:30:00
98,1.6699999570846558,1200700,1.7300000190734863,1.7100000381469727,1.7400000095367432,1666963800,DML,2022-10-28 09:30:00
99,1.7000000476837158,1045000,1.7200000286102295,1.7100000381469727,1.75,1667223000,DML,2022-10-31 09:30:00
100,1.6699999570846558,952600,1.6799999475479126,1.75,1.75,1667309400,DML,2022-11-01 09:30:00
101,1.559999942779541,2466500,1.5800000429153442,1.6799999475479126,1.6799999475479126,1667395800,DML,2022-11-02 09:30:00
102,1.5499999523162842,1448800,1.5800000429153442,1.5499999523162842,1.6399999856948853,1667482200,DML,2022-11-03 09:30:00
103,1.5700000524520874,2077700,1.590000033378601,1.600000023841858,1.6399999856948853,1667568600,DML,2022-11-04 09:30:00
104,1.5499999523162842,1853900,1.649999976158142,1.600000023841858,1.659999966621399,1667831400,DML,2022-11-07 09:30:00
105,1.6299999952316284,1413600,1.7000000476837158,1.659999966621399,1.7000000476837158,1667917800,DML,2022-11-08 09:30:00
106,1.5800000429153442,2287000,1.590000033378601,1.6799999475479126,1.6799999475479126,1668004200,DML,2022-11-09 09:30:00
107,1.6299999952316284,2699400,1.6399999856948853,1.6399999856948853,1.6699999570846558,1668090600,DML,2022-11-10 09:30:00
108,1.6399999856948853,3134500,1.7000000476837158,1.659999966621399,1.7300000190734863,1668177000,DML,2022-11-11 09:30:00
109,1.6399999856948853,1495700,1.659999966621399,1.690000057220459,1.690000057220459,1668436200,DML,2022-11-14 09:30:00
110,1.6699999570846558,1712000,1.6799999475479126,1.7200000286102295,1.7200000286102295,1668522600,DML,2022-11-15 09:30:00
111,1.600000023841858,1702500,1.600000023841858,1.6699999570846558,1.6699999570846558,1668609000,DML,2022-11-16 09:30:00
112,1.559999942779541,1183900,1.5800000429153442,1.590000033378601,1.600000023841858,1668695400,DML,2022-11-17 09:30:00
113,1.5700000524520874,873900,1.600000023841858,1.590000033378601,1.6200000047683716,1668781800,DML,2022-11-18 09:30:00
114,1.5299999713897705,1130000,1.5700000524520874,1.5800000429153442,1.5800000429153442,1669041000,DML,2022-11-21 09:30:00
115,1.5700000524520874,1015200,1.6100000143051147,1.5800000429153442,1.6200000047683716,1669127400,DML,2022-11-22 09:30:00
116,1.600000023841858,1215600,1.6100000143051147,1.600000023841858,1.649999976158142,1669213800,DML,2022-11-23 09:30:00
117,1.6100000143051147,245900,1.6299999952316284,1.6100000143051147,1.6399999856948853,1669300200,DML,2022-11-24 09:30:00
118,1.600000023841858,596900,1.600000023841858,1.6100000143051147,1.6200000047683716,1669386600,DML,2022-11-25 09:30:00
119,1.5499999523162842,859100,1.5700000524520874,1.590000033378601,1.600000023841858,1669645800,DML,2022-11-28 09:30:00
120,1.5700000524520874,559800,1.590000033378601,1.5700000524520874,1.600000023841858,1669732200,DML,2022-11-29 09:30:00
121,1.5800000429153442,3040300,1.659999966621399,1.600000023841858,1.659999966621399,1669818600,DML,2022-11-30 09:30:00
122,1.590000033378601,1819700,1.6100000143051147,1.6699999570846558,1.6699999570846558,1669905000,DML,2022-12-01 09:30:00
123,1.5800000429153442,934900,1.590000033378601,1.590000033378601,1.6100000143051147,1669991400,DML,2022-12-02 09:30:00
124,1.5199999809265137,2555400,1.5199999809265137,1.5800000429153442,1.600000023841858,1670250600,DML,2022-12-05 09:30:00
125,1.4500000476837158,1895300,1.4600000381469727,1.5299999713897705,1.5399999618530273,1670337000,DML,2022-12-06 09:30:00
126,1.4500000476837158,1925300,1.4900000095367432,1.4700000286102295,1.5099999904632568,1670423400,DML,2022-12-07 09:30:00
127,1.5099999904632568,1324303,1.5700000524520874,1.5299999713897705,1.590000033378601,1670531465,DML,2022-12-08 15:31:05
0,1.350000023841858,27600,1.4299999475479126,1.3600000143051147,1.4700000286102295,1654695000,ONC,2022-06-08 09:30:00
1,1.3600000143051147,6800,1.3799999952316284,1.409999966621399,1.4299999475479126,1654781400,ONC,2022-06-09 09:30:00
2,1.3300000429153442,17200,1.3300000429153442,1.350000023841858,1.3899999856948853,1654867800,ONC,2022-06-10 09:30:00
3,1.2200000286102295,78200,1.2300000190734863,1.3300000429153442,1.3300000429153442,1655127000,ONC,2022-06-13 09:30:00
4,1.059999942779541,193500,1.1200000047683716,1.25,1.25,1655213400,ONC,2022-06-14 09:30:00
5,1.0800000429153442,96700,1.1699999570846558,1.149999976158142,1.1799999475479126,1655299800,ONC,2022-06-15 09:30:00
6,1.1100000143051147,19000,1.1399999856948853,1.1200000047683716,1.1699999570846558,1655386200,ONC,2022-06-16 09:30:00
7,1.1399999856948853,45300,1.2899999618530273,1.1399999856948853,1.2899999618530273,1655472600,ONC,2022-06-17 09:30:00
8,1.2699999809265137,35100,1.340000033378601,1.2999999523162842,1.3899999856948853,1655731800,ONC,2022-06-20 09:30:00
9,1.2599999904632568,21200,1.3300000429153442,1.340000033378601,1.340000033378601,1655818200,ONC,2022-06-21 09:30:00
10,1.2200000286102295,7700,1.2999999523162842,1.2200000286102295,1.3300000429153442,1655904600,ONC,2022-06-22 09:30:00
11,1.2999999523162842,3500,1.3300000429153442,1.309999942779541,1.3300000429153442,1655991000,ONC,2022-06-23 09:30:00
12,1.2999999523162842,6200,1.2999999523162842,1.3300000429153442,1.3300000429153442,1656077400,ONC,2022-06-24 09:30:00
13,1.3300000429153442,13700,1.3600000143051147,1.3600000143051147,1.3600000143051147,1656336600,ONC,2022-06-27 09:30:00
14,1.25,44800,1.2999999523162842,1.3300000429153442,1.3300000429153442,1656423000,ONC,2022-06-28 09:30:00
15,1.25,15800,1.309999942779541,1.309999942779541,1.309999942779541,1656509400,ONC,2022-06-29 09:30:00
16,1.2599999904632568,3500,1.2599999904632568,1.2599999904632568,1.2899999618530273,1656595800,ONC,2022-06-30 09:30:00
17,1.2999999523162842,1500,1.2999999523162842,1.3300000429153442,1.3300000429153442,1656941400,ONC,2022-07-04 09:30:00
18,1.2699999809265137,15500,1.2799999713897705,1.2999999523162842,1.2999999523162842,1657027800,ONC,2022-07-05 09:30:00
19,1.2599999904632568,16800,1.2899999618530273,1.2599999904632568,1.3200000524520874,1657114200,ONC,2022-07-06 09:30:00
20,1.2899999618530273,16800,1.3200000524520874,1.3600000143051147,1.3600000143051147,1657200600,ONC,2022-07-07 09:30:00
21,1.2999999523162842,16200,1.309999942779541,1.309999942779541,1.3300000429153442,1657287000,ONC,2022-07-08 09:30:00
22,1.2899999618530273,16700,1.309999942779541,1.3300000429153442,1.3300000429153442,1657546200,ONC,2022-07-11 09:30:00
23,1.25,16300,1.2999999523162842,1.309999942779541,1.309999942779541,1657632600,ONC,2022-07-12 09:30:00
24,1.2799999713897705,5400,1.309999942779541,1.2899999618530273,1.309999942779541,1657719000,ONC,2022-07-13 09:30:00
25,1.2699999809265137,8500,1.2699999809265137,1.309999942779541,1.309999942779541,1657805400,ONC,2022-07-14 09:30:00
26,1.2699999809265137,5100,1.2699999809265137,1.2699999809265137,1.2999999523162842,1657891800,ONC,2022-07-15 09:30:00
27,1.2699999809265137,8800,1.2999999523162842,1.2799999713897705,1.2999999523162842,1658151000,ONC,2022-07-18 09:30:00
28,1.2300000190734863,27400,1.2799999713897705,1.2300000190734863,1.2999999523162842,1658237400,ONC,2022-07-19 09:30:00
29,1.2599999904632568,24000,1.2599999904632568,1.2599999904632568,1.2899999618530273,1658323800,ONC,2022-07-20 09:30:00
30,1.2799999713897705,23000,1.2799999713897705,1.3300000429153442,1.340000033378601,1658410200,ONC,2022-07-21 09:30:00
31,1.2999999523162842,16500,1.3600000143051147,1.309999942779541,1.3600000143051147,1658496600,ONC,2022-07-22 09:30:00
32,1.350000023841858,23600,1.4299999475479126,1.440000057220459,1.440000057220459,1658755800,ONC,2022-07-25 09:30:00
33,1.409999966621399,14200,1.440000057220459,1.4299999475479126,1.4500000476837158,1658842200,ONC,2022-07-26 09:30:00
34,1.3300000429153442,26700,1.350000023841858,1.4500000476837158,1.4500000476837158,1658928600,ONC,2022-07-27 09:30:00
35,1.3600000143051147,68100,1.4700000286102295,1.3600000143051147,1.600000023841858,1659015000,ONC,2022-07-28 09:30:00
36,1.4500000476837158,6600,1.4500000476837158,1.4800000190734863,1.4900000095367432,1659101400,ONC,2022-07-29 09:30:00
37,1.4800000190734863,36400,1.5199999809265137,1.5499999523162842,1.5499999523162842,1659447000,ONC,2022-08-02 09:30:00
38,1.5399999618530273,29400,1.5399999618530273,1.5399999618530273,1.5800000429153442,1659533400,ONC,2022-08-03 09:30:00
39,1.5700000524520874,64800,1.590000033378601,1.5700000524520874,1.6699999570846558,1659619800,ONC,2022-08-04 09:30:00
40,1.5800000429153442,24400,1.5800000429153442,1.7000000476837158,1.7000000476837158,1659706200,ONC,2022-08-05 09:30:00
41,1.6200000047683716,8700,1.649999976158142,1.649999976158142,1.6799999475479126,1659965400,ONC,2022-08-08 09:30:00
42,1.6200000047683716,24500,1.6699999570846558,1.6399999856948853,1.7200000286102295,1660051800,ONC,2022-08-09 09:30:00
43,1.6200000047683716,35800,1.659999966621399,1.7100000381469727,1.7100000381469727,1660138200,ONC,2022-08-10 09:30:00
44,1.5399999618530273,54200,1.6699999570846558,1.5399999618530273,1.75,1660224600,ONC,2022-08-11 09:30:00
45,1.6799999475479126,8800,1.7000000476837158,1.6799999475479126,1.7100000381469727,1660311000,ONC,2022-08-12 09:30:00
46,1.7100000381469727,18300,1.7200000286102295,1.7200000286102295,1.7599999904632568,1660570200,ONC,2022-08-15 09:30:00
47,1.590000033378601,32400,1.6200000047683716,1.690000057220459,1.7200000286102295,1660656600,ONC,2022-08-16 09:30:00
48,1.600000023841858,18400,1.6200000047683716,1.600000023841858,1.649999976158142,1660743000,ONC,2022-08-17 09:30:00
49,1.600000023841858,4600,1.6200000047683716,1.6399999856948853,1.6399999856948853,1660829400,ONC,2022-08-18 09:30:00
50,1.5199999809265137,40900,1.5299999713897705,1.600000023841858,1.6100000143051147,1660915800,ONC,2022-08-19 09:30:00
51,1.4800000190734863,34300,1.6399999856948853,1.5199999809265137,1.6799999475479126,1661175000,ONC,2022-08-22 09:30:00
52,1.659999966621399,70600,1.7999999523162842,1.659999966621399,1.7999999523162842,1661261400,ONC,2022-08-23 09:30:00
53,1.7999999523162842,66000,1.8899999856948853,1.840000033378601,1.8899999856948853,1661347800,ONC,2022-08-24 09:30:00
54,1.8899999856948853,57800,1.9700000286102295,1.899999976158142,1.9700000286102295,1661434200,ONC,2022-08-25 09:30:00
55,1.8899999856948853,26000,1.9199999570846558,1.9700000286102295,1.9700000286102295,1661520600,ONC,2022-08-26 09:30:00
56,1.8300000429153442,12800,1.940000057220459,1.9199999570846558,1.9500000476837158,1661779800,ONC,2022-08-29 09:30:00
57,1.809999942779541,12500,1.840000033378601,1.8600000143051147,1.8799999952316284,1661866200,ONC,2022-08-30 09:30:00
58,1.809999942779541,10300,1.8700000047683716,1.909999966621399,1.9199999570846558,1661952600,ONC,2022-08-31 09:30:00
59,1.7799999713897705,23000,1.7899999618530273,1.7799999713897705,1.8700000047683716,1662039000,ONC,2022-09-01 09:30:00
60,1.7200000286102295,11300,1.75,1.7699999809265137,1.7899999618530273,1662125400,ONC,2022-09-02 09:30:00
61,1.7100000381469727,28200,1.7899999618530273,1.7599999904632568,1.7899999618530273,1662471000,ONC,2022-09-06 09:30:00
62,1.7599999904632568,52200,1.850000023841858,1.7799999713897705,1.8899999856948853,1662557400,ONC,2022-09-07 09:30:00
63,1.7799999713897705,13100,1.8200000524520874,1.7899999618530273,1.8700000047683716,1662643800,ONC,2022-09-08 09:30:00
64,1.8200000524520874,23100,1.8600000143051147,1.8200000524520874,1.899999976158142,1662730200,ONC,2022-09-09 09:30:00
65,1.7999999523162842,11100,1.850000023841858,1.7999999523162842,1.8700000047683716,1662989400,ONC,2022-09-12 09:30:00
66,1.75,28700,1.7699999809265137,1.75,1.840000033378601,1663075800,ONC,2022-09-13 09:30:00
67,1.7599999904632568,12400,1.7699999809265137,1.7799999713897705,1.8200000524520874,1663162200,ONC,2022-09-14 09:30:00
68,1.7000000476837158,15000,1.75,1.7699999809265137,1.7699999809265137,1663248600,ONC,2022-09-15 09:30:00
69,1.7000000476837158,30500,1.7200000286102295,1.7200000286102295,1.7899999618530273,1663335000,ONC,2022-09-16 09:30:00
70,1.7300000190734863,44900,1.7300000190734863,1.8300000429153442,1.8300000429153442,1663594200,ONC,2022-09-19 09:30:00
71,1.6699999570846558,18500,1.6799999475479126,1.7300000190734863,1.7300000190734863,1663680600,ONC,2022-09-20 09:30:00
72,1.7000000476837158,19700,1.7599999904632568,1.75,1.7899999618530273,1663767000,ONC,2022-09-21 09:30:00
73,1.7200000286102295,3500,1.7400000095367432,1.7200000286102295,1.7599999904632568,1663853400,ONC,2022-09-22 09:30:00
74,1.659999966621399,14300,1.6699999570846558,1.7200000286102295,1.7300000190734863,1663939800,ONC,2022-09-23 09:30:00
75,1.6299999952316284,29400,1.659999966621399,1.649999976158142,1.7100000381469727,1664199000,ONC,2022-09-26 09:30:00
76,1.6299999952316284,53500,1.7300000190734863,1.659999966621399,1.809999942779541,1664285400,ONC,2022-09-27 09:30:00
77,1.75,13600,1.7599999904632568,1.7599999904632568,1.809999942779541,1664371800,ONC,2022-09-28 09:30:00
78,1.7300000190734863,5200,1.7400000095367432,1.7400000095367432,1.75,1664458200,ONC,2022-09-29 09:30:00
79,1.7100000381469727,41500,1.7400000095367432,1.7699999809265137,1.7699999809265137,1664544600,ONC,2022-09-30 09:30:00
80,1.7000000476837158,6500,1.7100000381469727,1.7200000286102295,1.75,1664803800,ONC,2022-10-03 09:30:00
81,1.75,28400,1.7599999904632568,1.75,1.7899999618530273,1664890200,ONC,2022-10-04 09:30:00
82,1.7100000381469727,4500,1.7200000286102295,1.7599999904632568,1.7699999809265137,1664976600,ONC,2022-10-05 09:30:00
83,1.75,122800,1.7699999809265137,1.75,1.8300000429153442,1665063000,ONC,2022-10-06 09:30:00
84,1.7200000286102295,9800,1.7200000286102295,1.75,1.7999999523162842,1665149400,ONC,2022-10-07 09:30:00
85,1.6799999475479126,38500,1.7200000286102295,1.7200000286102295,1.809999942779541,1665495000,ONC,2022-10-11 09:30:00
86,1.7100000381469727,2900,1.7300000190734863,1.7300000190734863,1.7300000190734863,1665581400,ONC,2022-10-12 09:30:00
87,1.7000000476837158,6400,1.7100000381469727,1.7300000190734863,1.7599999904632568,1665667800,ONC,2022-10-13 09:30:00
88,1.600000023841858,158600,1.7000000476837158,1.7100000381469727,1.7100000381469727,1665754200,ONC,2022-10-14 09:30:00
89,1.649999976158142,9200,1.649999976158142,1.7300000190734863,1.7300000190734863,1666013400,ONC,2022-10-17 09:30:00
90,1.6100000143051147,15400,1.6200000047683716,1.659999966621399,1.659999966621399,1666099800,ONC,2022-10-18 09:30:00
91,1.600000023841858,10800,1.6200000047683716,1.6200000047683716,1.6399999856948853,1666186200,ONC,2022-10-19 09:30:00
92,1.6399999856948853,73200,1.7400000095367432,1.6399999856948853,1.7699999809265137,1666272600,ONC,2022-10-20 09:30:00
93,1.7200000286102295,22100,1.7300000190734863,1.7400000095367432,1.7599999904632568,1666359000,ONC,2022-10-21 09:30:00
94,1.7200000286102295,33100,1.7599999904632568,1.7200000286102295,1.7899999618530273,1666618200,ONC,2022-10-24 09:30:00
95,1.7200000286102295,14500,1.7699999809265137,1.7300000190734863,1.7999999523162842,1666704600,ONC,2022-10-25 09:30:00
96,1.75,10100,1.75,1.7699999809265137,1.7999999523162842,1666791000,ONC,2022-10-26 09:30:00
97,1.6799999475479126,43600,1.690000057220459,1.75,1.75,1666877400,ONC,2022-10-27 09:30:00
98,1.7000000476837158,7800,1.7100000381469727,1.7200000286102295,1.7200000286102295,1666963800,ONC,2022-10-28 09:30:00
99,1.7000000476837158,11300,1.7300000190734863,1.7200000286102295,1.7400000095367432,1667223000,ONC,2022-10-31 09:30:00
100,1.7100000381469727,13000,1.7699999809265137,1.7300000190734863,1.7799999713897705,1667309400,ONC,2022-11-01 09:30:00
101,1.7599999904632568,15900,1.7899999618530273,1.7999999523162842,1.809999942779541,1667395800,ONC,2022-11-02 09:30:00
102,1.7000000476837158,13500,1.7300000190734863,1.7799999713897705,1.7799999713897705,1667482200,ONC,2022-11-03 09:30:00
103,1.7000000476837158,12300,1.7000000476837158,1.7300000190734863,1.7300000190734863,1667568600,ONC,2022-11-04 09:30:00
104,1.7599999904632568,116500,2.0399999618530273,1.809999942779541,2.049999952316284,1667831400,ONC,2022-11-07 09:30:00
105,2.0199999809265137,295500,2.380000114440918,2.0199999809265137,2.4800000190734863,1667917800,ONC,2022-11-08 09:30:00
106,2.200000047683716,154700,2.380000114440918,2.2300000190734863,2.4800000190734863,1668004200,ONC,2022-11-09 09:30:00
107,2.4200000762939453,176200,2.609999895095825,2.5199999809265137,2.6500000953674316,1668090600,ONC,2022-11-10 09:30:00
108,2.180000066757202,112900,2.180000066757202,2.6500000953674316,2.6500000953674316,1668177000,ONC,2022-11-11 09:30:00
109,2.049999952316284,62400,2.0799999237060547,2.2100000381469727,2.299999952316284,1668436200,ONC,2022-11-14 09:30:00
110,2.0199999809265137,73300,2.069999933242798,2.130000114440918,2.1500000953674316,1668522600,ONC,2022-11-15 09:30:00
111,1.9700000286102295,27200,1.9700000286102295,2.049999952316284,2.069999933242798,1668609000,ONC,2022-11-16 09:30:00
112,1.840000033378601,34500,1.9900000095367432,2.009999990463257,2.009999990463257,1668695400,ONC,2022-11-17 09:30:00
113,1.8600000143051147,62100,1.8799999952316284,1.9900000095367432,1.9900000095367432,1668781800,ONC,2022-11-18 09:30:00
114,1.809999942779541,40400,1.8200000524520874,1.8700000047683716,1.899999976158142,1669041000,ONC,2022-11-21 09:30:00
115,1.7799999713897705,60200,1.7999999523162842,1.909999966621399,1.909999966621399,1669127400,ONC,2022-11-22 09:30:00
116,1.7999999523162842,28800,1.8799999952316284,1.840000033378601,1.899999976158142,1669213800,ONC,2022-11-23 09:30:00
117,1.899999976158142,26200,1.9500000476837158,1.899999976158142,1.9500000476837158,1669300200,ONC,2022-11-24 09:30:00
118,1.9500000476837158,116800,2.119999885559082,1.9500000476837158,2.1500000953674316,1669386600,ONC,2022-11-25 09:30:00
119,2.0399999618530273,30000,2.069999933242798,2.119999885559082,2.2100000381469727,1669645800,ONC,2022-11-28 09:30:00
120,2.1500000953674316,48100,2.2300000190734863,2.1700000762939453,2.25,1669732200,ONC,2022-11-29 09:30:00
121,2.1600000858306885,137500,2.359999895095825,2.2899999618530273,2.369999885559082,1669818600,ONC,2022-11-30 09:30:00
122,2.450000047683716,501500,2.819999933242798,2.450000047683716,3.0999999046325684,1669905000,ONC,2022-12-01 09:30:00
123,2.4700000286102295,251200,2.5,2.75,2.75,1669991400,ONC,2022-12-02 09:30:00
124,2.490000009536743,141400,2.640000104904175,2.5399999618530273,2.6700000762939453,1670250600,ONC,2022-12-05 09:30:00
125,2.4000000953674316,106300,2.4000000953674316,2.680000066757202,2.680000066757202,1670337000,ONC,2022-12-06 09:30:00
126,2.25,72600,2.3499999046325684,2.4000000953674316,2.440000057220459,1670423400,ONC,2022-12-07 09:30:00
127,2.2699999809265137,61995,2.369999885559082,2.3299999237060547,2.4700000286102295,1670531318,ONC,2022-12-08 15:28:38
0,60.13999938964844,42400,60.65999984741211,61.529998779296875,61.689998626708984,1654695000,EQB,2022-06-08 09:30:00
1,59.20000076293945,135500,59.45000076293945,60.16999816894531,60.7400016784668,1654781400,EQB,2022-06-09 09:30:00
2,57.630001068115234,47000,58.189998626708984,58.86000061035156,59.150001525878906,1654867800,EQB,2022-06-10 09:30:00
3,55.349998474121094,69000,55.709999084472656,57.0099983215332,57.279998779296875,1655127000,EQB,2022-06-13 09:30:00
4,54.880001068115234,80700,55.47999954223633,55.47999954223633,56.720001220703125,1655213400,EQB,2022-06-14 09:30:00
5,54.900001525878906,54200,55.2599983215332,55.7400016784668,56.36000061035156,1655299800,EQB,2022-06-15 09:30:00
6,52.13999938964844,100800,52.400001525878906,54.5,56.36000061035156,1655386200,EQB,2022-06-16 09:30:00
7,51.7400016784668,157600,53.529998779296875,52.290000915527344,53.709999084472656,1655472600,EQB,2022-06-17 09:30:00
8,53.540000915527344,27700,55.40999984741211,53.540000915527344,55.689998626708984,1655731800,EQB,2022-06-20 09:30:00
9,54.849998474121094,39100,54.9900016784668,55.43000030517578,56.209999084472656,1655818200,EQB,2022-06-21 09:30:00
10,53.79999923706055,45700,54.70000076293945,54.77000045776367,55.11000061035156,1655904600,EQB,2022-06-22 09:30:00
11,52.65999984741211,51600,53.65999984741211,54.599998474121094,54.65999984741211,1655991000,EQB,2022-06-23 09:30:00
12,53.68000030517578,59400,54.40999984741211,53.959999084472656,55.13999938964844,1656077400,EQB,2022-06-24 09:30:00
13,54.06999969482422,58000,54.630001068115234,54.63999938964844,55.43000030517578,1656336600,EQB,2022-06-27 09:30:00
14,53.91999816894531,42000,54.31999969482422,55.13999938964844,56.0,1656423000,EQB,2022-06-28 09:30:00
15,52.43000030517578,27000,52.70000076293945,54.33000183105469,54.33000183105469,1656509400,EQB,2022-06-29 09:30:00
16,51.18000030517578,78300,53.150001525878906,51.900001525878906,53.349998474121094,1656595800,EQB,2022-06-30 09:30:00
17,53.0,65800,54.470001220703125,53.75,54.560001373291016,1656941400,EQB,2022-07-04 09:30:00
18,51.56999969482422,44700,52.630001068115234,53.310001373291016,53.5,1657027800,EQB,2022-07-05 09:30:00
19,52.400001525878906,28300,53.27000045776367,52.75,53.31999969482422,1657114200,EQB,2022-07-06 09:30:00
20,53.40999984741211,40900,54.33000183105469,53.40999984741211,54.79999923706055,1657200600,EQB,2022-07-07 09:30:00
21,53.779998779296875,41200,54.2599983215332,54.470001220703125,54.709999084472656,1657287000,EQB,2022-07-08 09:30:00
22,52.849998474121094,40900,53.38999938964844,54.11000061035156,54.11000061035156,1657546200,EQB,2022-07-11 09:30:00
23,53.40999984741211,42800,54.040000915527344,53.5,54.2400016784668,1657632600,EQB,2022-07-12 09:30:00
24,51.66999816894531,67000,54.09000015258789,53.349998474121094,54.13999938964844,1657719000,EQB,2022-07-13 09:30:00
25,50.68000030517578,111800,52.02000045776367,53.38999938964844,53.38999938964844,1657805400,EQB,2022-07-14 09:30:00
26,52.189998626708984,52800,53.2400016784668,52.290000915527344,53.68000030517578,1657891800,EQB,2022-07-15 09:30:00
27,53.38999938964844,42200,53.650001525878906,53.70000076293945,54.619998931884766,1658151000,EQB,2022-07-18 09:30:00
28,54.619998931884766,45300,55.349998474121094,54.75,55.619998931884766,1658237400,EQB,2022-07-19 09:30:00
29,54.380001068115234,38700,54.83000183105469,55.099998474121094,55.40999984741211,1658323800,EQB,2022-07-20 09:30:00
30,54.540000915527344,20700,55.43000030517578,55.0,55.540000915527344,1658410200,EQB,2022-07-21 09:30:00
31,54.77000045776367,77100,55.060001373291016,55.380001068115234,56.06999969482422,1658496600,EQB,2022-07-22 09:30:00
32,54.810001373291016,36700,56.599998474121094,54.97999954223633,56.939998626708984,1658755800,EQB,2022-07-25 09:30:00
33,53.2400016784668,54800,53.310001373291016,56.7400016784668,56.7400016784668,1658842200,EQB,2022-07-26 09:30:00
34,53.38999938964844,52300,54.939998626708984,53.599998474121094,55.16999816894531,1658928600,EQB,2022-07-27 09:30:00
35,54.369998931884766,38900,54.939998626708984,54.77000045776367,55.36000061035156,1659015000,EQB,2022-07-28 09:30:00
36,55.279998779296875,65800,55.59000015258789,55.279998779296875,55.970001220703125,1659101400,EQB,2022-07-29 09:30:00
37,54.900001525878906,49500,55.029998779296875,54.91999816894531,56.18000030517578,1659447000,EQB,2022-08-02 09:30:00
38,55.06999969482422,37000,55.25,55.06999969482422,55.75,1659533400,EQB,2022-08-03 09:30:00
39,55.4900016784668,89000,56.869998931884766,55.54999923706055,57.5,1659619800,EQB,2022-08-04 09:30:00
40,56.47999954223633,54400,56.91999816894531,56.75,57.54999923706055,1659706200,EQB,2022-08-05 09:30:00
41,56.40999984741211,90000,58.0,57.0,58.040000915527344,1659965400,EQB,2022-08-08 09:30:00
42,57.20000076293945,53500,58.45000076293945,58.08000183105469,58.45000076293945,1660051800,EQB,2022-08-09 09:30:00
43,54.560001373291016,251200,55.13999938964844,56.5,56.529998779296875,1660138200,EQB,2022-08-10 09:30:00
44,55.290000915527344,95400,56.630001068115234,55.290000915527344,57.650001525878906,1660224600,EQB,2022-08-11 09:30:00
45,56.0,67000,56.66999816894531,56.7400016784668,57.08000183105469,1660311000,EQB,2022-08-12 09:30:00
46,56.880001068115234,55200,58.630001068115234,56.88999938964844,58.939998626708984,1660570200,EQB,2022-08-15 09:30:00
47,57.9900016784668,53100,58.5099983215332,58.630001068115234,58.72999954223633,1660656600,EQB,2022-08-16 09:30:00
48,56.77000045776367,26500,57.38999938964844,57.75,57.810001373291016,1660743000,EQB,2022-08-17 09:30:00
49,57.0,60200,57.439998626708984,57.38999938964844,57.619998931884766,1660829400,EQB,2022-08-18 09:30:00
50,56.61000061035156,71400,56.869998931884766,57.5,57.5,1660915800,EQB,2022-08-19 09:30:00
51,55.150001525878906,41300,55.43000030517578,56.54999923706055,56.54999923706055,1661175000,EQB,2022-08-22 09:30:00
52,55.31999969482422,35900,56.400001525878906,55.369998931884766,56.83000183105469,1661261400,EQB,2022-08-23 09:30:00
53,54.959999084472656,55200,55.47999954223633,56.040000915527344,56.349998474121094,1661347800,EQB,2022-08-24 09:30:00
54,55.0,47800,56.33000183105469,55.38999938964844,56.709999084472656,1661434200,EQB,2022-08-25 09:30:00
55,54.20000076293945,65900,54.29999923706055,56.470001220703125,56.470001220703125,1661520600,EQB,2022-08-26 09:30:00
56,52.86000061035156,92000,53.36000061035156,53.790000915527344,54.09000015258789,1661779800,EQB,2022-08-29 09:30:00
57,52.65999984741211,46100,53.2400016784668,53.63999938964844,53.689998626708984,1661866200,EQB,2022-08-30 09:30:00
58,52.33000183105469,34800,52.65999984741211,53.540000915527344,53.540000915527344,1661952600,EQB,2022-08-31 09:30:00
59,50.529998779296875,66300,51.36000061035156,52.54999923706055,52.54999923706055,1662039000,EQB,2022-09-01 09:30:00
60,51.529998779296875,27000,52.0099983215332,52.20000076293945,52.84000015258789,1662125400,EQB,2022-09-02 09:30:00
61,50.400001525878906,62900,50.66999816894531,51.58000183105469,52.099998474121094,1662471000,EQB,2022-09-06 09:30:00
62,50.5,38500,51.61000061035156,50.630001068115234,51.790000915527344,1662557400,EQB,2022-09-07 09:30:00
63,51.040000915527344,38900,52.58000183105469,51.560001373291016,52.58000183105469,1662643800,EQB,2022-09-08 09:30:00
64,52.349998474121094,71200,53.09000015258789,52.349998474121094,54.27000045776367,1662730200,EQB,2022-09-09 09:30:00
65,53.2599983215332,34800,53.650001525878906,53.2599983215332,54.27000045776367,1662989400,EQB,2022-09-12 09:30:00
66,51.54999923706055,80800,51.88999938964844,52.54999923706055,53.0,1663075800,EQB,2022-09-13 09:30:00
67,50.40999984741211,53300,50.91999816894531,51.97999954223633,51.97999954223633,1663162200,EQB,2022-09-14 09:30:00
68,50.38999938964844,108600,50.54999923706055,51.060001373291016,51.61000061035156,1663248600,EQB,2022-09-15 09:30:00
69,48.630001068115234,225200,49.16999816894531,50.209999084472656,50.59000015258789,1663335000,EQB,2022-09-16 09:30:00
70,48.59000015258789,55600,49.779998779296875,48.880001068115234,49.95000076293945,1663594200,EQB,2022-09-19 09:30:00
71,48.38999938964844,34300,48.88999938964844,49.25,49.25,1663680600,EQB,2022-09-20 09:30:00
72,48.459999084472656,43800,48.630001068115234,49.0099983215332,49.220001220703125,1663767000,EQB,2022-09-21 09:30:00
73,47.27000045776367,42200,47.43000030517578,48.599998474121094,48.63999938964844,1663853400,EQB,2022-09-22 09:30:00
74,46.119998931884766,84400,46.65999984741211,47.0099983215332,47.08000183105469,1663939800,EQB,2022-09-23 09:30:00
75,45.63999938964844,62400,46.15999984741211,46.33000183105469,47.0,1664199000,EQB,2022-09-26 09:30:00
76,45.75,60300,46.119998931884766,46.56999969482422,46.86000061035156,1664285400,EQB,2022-09-27 09:30:00
77,46.0099983215332,35500,47.0099983215332,46.02000045776367,47.43000030517578,1664371800,EQB,2022-09-28 09:30:00
78,44.810001373291016,55800,46.130001068115234,47.31999969482422,47.31999969482422,1664458200,EQB,2022-09-29 09:30:00
79,45.880001068115234,64400,46.439998626708984,45.880001068115234,46.900001525878906,1664544600,EQB,2022-09-30 09:30:00
80,46.709999084472656,50700,47.79999923706055,46.709999084472656,48.369998931884766,1664803800,EQB,2022-10-03 09:30:00
81,48.279998779296875,74300,48.9900016784668,48.400001525878906,49.380001068115234,1664890200,EQB,2022-10-04 09:30:00
82,48.0,55700,49.16999816894531,48.310001373291016,49.279998779296875,1664976600,EQB,2022-10-05 09:30:00
83,48.029998779296875,64700,48.310001373291016,48.84000015258789,49.0,1665063000,EQB,2022-10-06 09:30:00
84,46.7599983215332,43800,47.349998474121094,47.709999084472656,48.15999984741211,1665149400,EQB,2022-10-07 09:30:00
85,45.599998474121094,76200,45.869998931884766,46.47999954223633,46.869998931884766,1665495000,EQB,2022-10-11 09:30:00
86,45.7599983215332,42200,47.029998779296875,46.0099983215332,47.13999938964844,1665581400,EQB,2022-10-12 09:30:00
87,46.0,41700,47.9900016784668,46.5,48.439998626708984,1665667800,EQB,2022-10-13 09:30:00
88,46.599998474121094,49000,47.0,48.0,48.27000045776367,1665754200,EQB,2022-10-14 09:30:00
89,47.40999984741211,79000,47.47999954223633,47.7599983215332,48.779998779296875,1666013400,EQB,2022-10-17 09:30:00
90,46.81999969482422,72500,47.22999954223633,48.040000915527344,48.04999923706055,1666099800,EQB,2022-10-18 09:30:00
91,45.68000030517578,61300,46.25,47.0,47.150001525878906,1666186200,EQB,2022-10-19 09:30:00
92,46.2400016784668,72300,46.5,46.529998779296875,46.970001220703125,1666272600,EQB,2022-10-20 09:30:00
93,45.65999984741211,53900,46.66999816894531,46.380001068115234,46.7599983215332,1666359000,EQB,2022-10-21 09:30:00
94,46.59000015258789,19200,46.869998931884766,46.849998474121094,47.189998626708984,1666618200,EQB,2022-10-24 09:30:00
95,46.72999954223633,26100,47.209999084472656,46.75,47.41999816894531,1666704600,EQB,2022-10-25 09:30:00
96,47.0,44900,47.72999954223633,47.029998779296875,47.939998626708984,1666791000,EQB,2022-10-26 09:30:00
97,47.45000076293945,56100,47.880001068115234,47.45000076293945,48.5,1666877400,EQB,2022-10-27 09:30:00
98,47.849998474121094,70900,47.849998474121094,48.06999969482422,48.849998474121094,1666963800,EQB,2022-10-28 09:30:00
99,47.029998779296875,53500,48.279998779296875,47.810001373291016,48.810001373291016,1667223000,EQB,2022-10-31 09:30:00
100,48.060001373291016,35700,48.060001373291016,48.97999954223633,48.97999954223633,1667309400,EQB,2022-11-01 09:30:00
101,47.310001373291016,84500,48.06999969482422,48.06999969482422,48.5,1667395800,EQB,2022-11-02 09:30:00
102,45.369998931884766,161800,46.0,47.560001373291016,47.939998626708984,1667482200,EQB,2022-11-03 09:30:00
103,46.470001220703125,70100,47.369998931884766,46.470001220703125,47.41999816894531,1667568600,EQB,2022-11-04 09:30:00
104,46.209999084472656,52800,46.68000030517578,47.560001373291016,47.939998626708984,1667831400,EQB,2022-11-07 09:30:00
105,45.16999816894531,86400,45.33000183105469,46.400001525878906,46.470001220703125,1667917800,EQB,2022-11-08 09:30:00
106,48.150001525878906,279300,50.880001068115234,48.150001525878906,52.63999938964844,1668004200,EQB,2022-11-09 09:30:00
107,51.75,160100,54.63999938964844,52.2599983215332,55.220001220703125,1668090600,EQB,2022-11-10 09:30:00
108,53.61000061035156,70800,55.349998474121094,55.18000030517578,55.52000045776367,1668177000,EQB,2022-11-11 09:30:00
109,53.4900016784668,61500,54.09000015258789,55.630001068115234,55.709999084472656,1668436200,EQB,2022-11-14 09:30:00
110,54.43000030517578,102900,55.79999923706055,54.43000030517578,56.56999969482422,1668522600,EQB,2022-11-15 09:30:00
111,54.130001068115234,39500,54.209999084472656,55.5,55.5,1668609000,EQB,2022-11-16 09:30:00
112,53.38999938964844,73000,55.72999954223633,53.90999984741211,55.7400016784668,1668695400,EQB,2022-11-17 09:30:00
113,53.189998626708984,46100,53.65999984741211,55.29999923706055,55.560001373291016,1668781800,EQB,2022-11-18 09:30:00
114,55.630001068115234,295200,59.38999938964844,55.88999938964844,60.75,1669041000,EQB,2022-11-21 09:30:00
115,56.7400016784668,323200,57.43000030517578,59.189998626708984,59.310001373291016,1669127400,EQB,2022-11-22 09:30:00
116,56.369998931884766,60100,57.11000061035156,56.9900016784668,57.20000076293945,1669213800,EQB,2022-11-23 09:30:00
117,56.970001220703125,28100,56.970001220703125,57.150001525878906,57.90999984741211,1669300200,EQB,2022-11-24 09:30:00
118,57.27000045776367,38400,57.65999984741211,57.720001220703125,58.25,1669386600,EQB,2022-11-25 09:30:00
119,57.18000030517578,72000,58.599998474121094,57.66999816894531,58.599998474121094,1669645800,EQB,2022-11-28 09:30:00
120,58.189998626708984,57200,59.099998474121094,58.56999969482422,59.31999969482422,1669732200,EQB,2022-11-29 09:30:00
121,58.40999984741211,129200,60.15999984741211,59.09000015258789,60.5,1669818600,EQB,2022-11-30 09:30:00
122,59.9900016784668,67300,60.13999938964844,60.369998931884766,60.630001068115234,1669905000,EQB,2022-12-01 09:30:00
123,59.59000015258789,52000,60.099998474121094,59.79999923706055,60.7400016784668,1669991400,EQB,2022-12-02 09:30:00
124,58.5,57300,59.189998626708984,60.130001068115234,60.29999923706055,1670250600,EQB,2022-12-05 09:30:00
125,59.0,61600,59.70000076293945,59.15999984741211,60.119998931884766,1670337000,EQB,2022-12-06 09:30:00
126,59.38999938964844,51600,60.20000076293945,59.70000076293945,60.56999969482422,1670423400,EQB,2022-12-07 09:30:00
127,60.119998931884766,69601,61.040000915527344,60.2400016784668,61.630001068115234,1670531384,EQB,2022-12-08 15:29:44
